full_name,first_name,last_name,url_suffix,candor_url,recruiter_location
Marcela ‍,Marcela,NA,marcela-,https://candor.co/recruiter/marcela-,
Elizabeth ☁,Elizabeth,NA,elizabeth-,https://candor.co/recruiter/elizabeth-,
Derrick ☁,Derrick,NA,derrick-,https://candor.co/recruiter/derrick-,
Kiley ☁,Kiley,NA,kiley-,https://candor.co/recruiter/kiley-,
Megan ☁️,Megan,NA,megan-,https://candor.co/recruiter/megan-,
Bianca ☁️,Bianca,NA,bianca-,https://candor.co/recruiter/bianca-,
Mark Adams,Mark,Adams,mark-adams,https://candor.co/recruiter/mark-adams,
Jayson Addcox,Jayson,Addcox,jayson-addcox,https://candor.co/recruiter/jayson-addcox,
Quinta Addis,Quinta,Addis,quinta-addis,https://candor.co/recruiter/quinta-addis,
Marissa Aguilera,Marissa,Aguilera,marissa-aguilera,https://candor.co/recruiter/marissa-aguilera,
Ja-Test Alexander,JaTest,Alexander,jatest-alexander,https://candor.co/recruiter/jatest-alexander,
Sarah Alonzo,Sarah,Alonzo,sarah-alonzo,https://candor.co/recruiter/sarah-alonzo,
David Alpert,David,Alpert,david-alpert,https://candor.co/recruiter/david-alpert,
Yasmin Altayyar,Yasmin,Altayyar,yasmin-altayyar,https://candor.co/recruiter/yasmin-altayyar,
Dino Anagbogu,Dino,Anagbogu,dino-anagbogu,https://candor.co/recruiter/dino-anagbogu,
Emily Anchartechahar,Emily,Anchartechahar,emily-anchartechahar,https://candor.co/recruiter/emily-anchartechahar,
Kristine Angeles,Kristine,Angeles,kristine-angeles,https://candor.co/recruiter/kristine-angeles,
Kaitlin Armijo,Kaitlin,Armijo,kaitlin-armijo,https://candor.co/recruiter/kaitlin-armijo,
Jamie Arnautoff,Jamie,Arnautoff,jamie-arnautoff,https://candor.co/recruiter/jamie-arnautoff,
Mallory Asano,Mallory,Asano,mallory-asano,https://candor.co/recruiter/mallory-asano,
Selina Au,Selina,Au,selina-au,https://candor.co/recruiter/selina-au,
Zachary Avelino,Zachary,Avelino,zachary-avelino,https://candor.co/recruiter/zachary-avelino,
Zach Avelino,Zach,Avelino,zach-avelino,https://candor.co/recruiter/zach-avelino,
Mina Azadkhanian,Mina,Azadkhanian,mina-azadkhanian,https://candor.co/recruiter/mina-azadkhanian,
Naazi Aziz,Naazi,Aziz,naazi-aziz,https://candor.co/recruiter/naazi-aziz,
Ruchika Bajaj,Ruchika,Bajaj,ruchika-bajaj,https://candor.co/recruiter/ruchika-bajaj,
Vittoria Baldassari,Vittoria,Baldassari,vittoria-baldassari,https://candor.co/recruiter/vittoria-baldassari,
Amanda Ballesteros,Amanda,Ballesteros,amanda-ballesteros,https://candor.co/recruiter/amanda-ballesteros,
John Balsamo,John,Balsamo,john-balsamo,https://candor.co/recruiter/john-balsamo,
Brittany Bandy,Brittany,Bandy,brittany-bandy,https://candor.co/recruiter/brittany-bandy,
Trisha Bantigue,Trisha,Bantigue,trisha-bantigue,https://candor.co/recruiter/trisha-bantigue,
Carrie Barker,Carrie,Barker,carrie-barker,https://candor.co/recruiter/carrie-barker,
Karla Barrios,Karla,Barrios,karla-barrios,https://candor.co/recruiter/karla-barrios,
Scarlet Basel,Scarlet,Basel,scarlet-basel,https://candor.co/recruiter/scarlet-basel,
Adrianna Battista,Adrianna,Battista,adrianna-battista,https://candor.co/recruiter/adrianna-battista,
Jaime Battle,Jaime,Battle,jaime-battle,https://candor.co/recruiter/jaime-battle,
Katie Baum☁,Katie,Baum,katie-baum,https://candor.co/recruiter/katie-baum,
Emily Beaulac,Emily,Beaulac,emily-beaulac,https://candor.co/recruiter/emily-beaulac,
Bella Beckman,Bella,Beckman,bella-beckman,https://candor.co/recruiter/bella-beckman,
Tyler Bertomeu,Tyler,Bertomeu,tyler-bertomeu,https://candor.co/recruiter/tyler-bertomeu,
Suki Bhatti,Suki,Bhatti,suki-bhatti,https://candor.co/recruiter/suki-bhatti,
Tristan Bice,Tristan,Bice,tristan-bice,https://candor.co/recruiter/tristan-bice,
Marissa Biernat,Marissa,Biernat,marissa-biernat,https://candor.co/recruiter/marissa-biernat,
Brian Bishop,Brian,Bishop,brian-bishop,https://candor.co/recruiter/brian-bishop,
Shira Blatt,Shira,Blatt,shira-blatt,https://candor.co/recruiter/shira-blatt,
Austin Bonner,Austin,Bonner,austin-bonner,https://candor.co/recruiter/austin-bonner,
Allie Bordeaux,Allie,Bordeaux,allie-bordeaux,https://candor.co/recruiter/allie-bordeaux,
Kayleigh Bottini,Kayleigh,Bottini,kayleigh-bottini,https://candor.co/recruiter/kayleigh-bottini,
Andrea Bow,Andrea,Bow,andrea-bow,https://candor.co/recruiter/andrea-bow,
Sophie Bracewell,Sophie,Bracewell,sophie-bracewell,https://candor.co/recruiter/sophie-bracewell,
Sophie Bracewell,Sophie,Bracewell,sophie-bracewell,https://candor.co/recruiter/sophie-bracewell,
Jovana Branković,Jovana,Branković,jovana-branković,https://candor.co/recruiter/jovana-brankovi,
Tatiana Brasil,Tatiana,Brasil,tatiana-brasil,https://candor.co/recruiter/tatiana-brasil,
Suzanne Brennan,Suzanne,Brennan,suzanne-brennan,https://candor.co/recruiter/suzanne-brennan,
Silas Brickner,Silas,Brickner,silas-brickner,https://candor.co/recruiter/silas-brickner,
Nina Brown,Nina,Brown,nina-brown,https://candor.co/recruiter/nina-brown,
Robin Brozosky,Robin,Brozosky,robin-brozosky,https://candor.co/recruiter/robin-brozosky,
Vincent Bruni,Vincent,Bruni,vincent-bruni,https://candor.co/recruiter/vincent-bruni,
Michelle Bueler,Michelle,Bueler,michelle-bueler,https://candor.co/recruiter/michelle-bueler,
Jd Burkett,Jd,Burkett,jd-burkett,https://candor.co/recruiter/jd-burkett,
Martin Bustamante,Martin,Bustamante,martin-bustamante,https://candor.co/recruiter/martin-bustamante,
Vladimir Cabrera,Vladimir,Cabrera,vladimir-cabrera,https://candor.co/recruiter/vladimir-cabrera,
Josh Canova,Josh,Canova,josh-canova,https://candor.co/recruiter/josh-canova,
Melissa Carl,Melissa,Carl,melissa-carl,https://candor.co/recruiter/melissa-carl,
Jessi Carrier,Jessi,Carrier,jessi-carrier,https://candor.co/recruiter/jessi-carrier,
Gianna Cassara,Gianna,Cassara,gianna-cassara,https://candor.co/recruiter/gianna-cassara,
Kristen Castellanos,Kristen,Castellanos,kristen-castellanos,https://candor.co/recruiter/kristen-castellanos,
Tania Castillo,Tania,Castillo,tania-castillo,https://candor.co/recruiter/tania-castillo,
Courtney Chacon,Courtney,Chacon,courtney-chacon,https://candor.co/recruiter/courtney-chacon,
Joshua Chaisson,Joshua,Chaisson,joshua-chaisson,https://candor.co/recruiter/joshua-chaisson,
Ashley Chan,Ashley,Chan,ashley-chan,https://candor.co/recruiter/ashley-chan,
Esther Chance,Esther,Chance,esther-chance,https://candor.co/recruiter/esther-chance,
Michelle Chen,Michelle,Chen,michelle-chen,https://candor.co/recruiter/michelle-chen,
Lily Chen,Lily,Chen,lily-chen,https://candor.co/recruiter/lily-chen,
Judy Cheong,Judy,Cheong,judy-cheong,https://candor.co/recruiter/judy-cheong,
Jess Cherner,Jess,Cherner,jess-cherner,https://candor.co/recruiter/jess-cherner,
Jamie Cherry,Jamie,Cherry,jamie-cherry,https://candor.co/recruiter/jamie-cherry,
Jennifer Cho,Jennifer,Cho,jennifer-cho,https://candor.co/recruiter/jennifer-cho,
Kelli Cleary,Kelli,Cleary,kelli-cleary,https://candor.co/recruiter/kelli-cleary,
Stacy Cohen,Stacy,Cohen,stacy-cohen,https://candor.co/recruiter/stacy-cohen,
Alfred Cohen,Alfred,Cohen,alfred-cohen,https://candor.co/recruiter/alfred-cohen,
Rian Colleen,Rian,Colleen,rian-colleen,https://candor.co/recruiter/rian-colleen,
Kevin Combs,Kevin,Combs,kevin-combs,https://candor.co/recruiter/kevin-combs,
Catherine Connors,Catherine,Connors,catherine-connors,https://candor.co/recruiter/catherine-connors,
Freddy Cooper,Freddy,Cooper,freddy-cooper,https://candor.co/recruiter/freddy-cooper,
Chrissy Cope,Chrissy,Cope,chrissy-cope,https://candor.co/recruiter/chrissy-cope,
Lauren Corcoran,Lauren,Corcoran,lauren-corcoran,https://candor.co/recruiter/lauren-corcoran,
Charlotte Coupe,Charlotte,Coupe,charlotte-coupe,https://candor.co/recruiter/charlotte-coupe,
Brandon Cristiano,Brandon,Cristiano,brandon-cristiano,https://candor.co/recruiter/brandon-cristiano,
Brandon Cristiano,Brandon,Cristiano,brandon-cristiano,https://candor.co/recruiter/brandon-cristiano,
Andrea Cruz,Andrea,Cruz,andrea-cruz,https://candor.co/recruiter/andrea-cruz,
Kristen Dallara,Kristen,Dallara,kristen-dallara,https://candor.co/recruiter/kristen-dallara,
Tuhina Das,Tuhina,Das,tuhina-das,https://candor.co/recruiter/tuhina-das,
Jason Daugherty,Jason,Daugherty,jason-daugherty,https://candor.co/recruiter/jason-daugherty,
Kristen Dauler,Kristen,Dauler,kristen-dauler,https://candor.co/recruiter/kristen-dauler,
Brittany Daunno,Brittany,Daunno,brittany-daunno,https://candor.co/recruiter/brittany-daunno,
Kiana Davari,Kiana,Davari,kiana-davari,https://candor.co/recruiter/kiana-davari,
Victoria Day,Victoria,Day,victoria-day,https://candor.co/recruiter/victoria-day,
Stephanie Demi,Stephanie,Demi,stephanie-demi,https://candor.co/recruiter/stephanie-demi,
Gloria Demro,Gloria,Demro,gloria-demro,https://candor.co/recruiter/gloria-demro,
Greg Detwiler,Greg,Detwiler,greg-detwiler,https://candor.co/recruiter/greg-detwiler,
Brittani Devine,Brittani,Devine,brittani-devine,https://candor.co/recruiter/brittani-devine,
Siobhan Devoy,Siobhan,Devoy,siobhan-devoy,https://candor.co/recruiter/siobhan-devoy,
Salima Dhamani,Salima,Dhamani,salima-dhamani,https://candor.co/recruiter/salima-dhamani,
Madison Dimarco,Madison,Dimarco,madison-dimarco,https://candor.co/recruiter/madison-dimarco,
Hope Diwata,Hope,Diwata,hope-diwata,https://candor.co/recruiter/hope-diwata,
Ally Dobson,Ally,Dobson,ally-dobson,https://candor.co/recruiter/ally-dobson,
Saoirse Downey,Saoirse,Downey,saoirse-downey,https://candor.co/recruiter/saoirse-downey,
Shadae Downey,Shadae,Downey,shadae-downey,https://candor.co/recruiter/shadae-downey,
Marcus Dubois,Marcus,Dubois,marcus-dubois,https://candor.co/recruiter/marcus-dubois,
Matthew Dugan,Matthew,Dugan,matthew-dugan,https://candor.co/recruiter/matthew-dugan,
Natalie Dunnege,Natalie,Dunnege,natalie-dunnege,https://candor.co/recruiter/natalie-dunnege,
Erica Ebinger,Erica,Ebinger,erica-ebinger,https://candor.co/recruiter/erica-ebinger,
Kirill Elistratov,Kirill,Elistratov,kirill-elistratov,https://candor.co/recruiter/kirill-elistratov,
Matthew Ellis,Matthew,Ellis,matthew-ellis,https://candor.co/recruiter/matthew-ellis,
Jamie Engelmann,Jamie,Engelmann,jamie-engelmann,https://candor.co/recruiter/jamie-engelmann,
Annette Erdozaincy,Annette,Erdozaincy,annette-erdozaincy,https://candor.co/recruiter/annette-erdozaincy,
Jessie Erickson,Jessie,Erickson,jessie-erickson,https://candor.co/recruiter/jessie-erickson,
Jennelle Estrada,Jennelle,Estrada,jennelle-estrada,https://candor.co/recruiter/jennelle-estrada,
Charlie Farrell,Charlie,Farrell,charlie-farrell,https://candor.co/recruiter/charlie-farrell,
Luke Fay,Luke,Fay,luke-fay,https://candor.co/recruiter/luke-fay,
Anjuli Felix,Anjuli,Felix,anjuli-felix,https://candor.co/recruiter/anjuli-felix,
Tiffany Fenster,Tiffany,Fenster,tiffany-fenster,https://candor.co/recruiter/tiffany-fenster,
Andrea Fernandez,Andrea,Fernandez,andrea-fernandez,https://candor.co/recruiter/andrea-fernandez,
Sandy Fernandez,Sandy,Fernandez,sandy-fernandez,https://candor.co/recruiter/sandy-fernandez,
Alex Flatbush,Alex,Flatbush,alex-flatbush,https://candor.co/recruiter/alex-flatbush,
Christina Flemings,Christina,Flemings,christina-flemings,https://candor.co/recruiter/christina-flemings,
Brittney Fong,Brittney,Fong,brittney-fong,https://candor.co/recruiter/brittney-fong,
Alyssa Foo,Alyssa,Foo,alyssa-foo,https://candor.co/recruiter/alyssa-foo,
Summer Ford,Summer,Ford,summer-ford,https://candor.co/recruiter/summer-ford,
Garrett Fowler,Garrett,Fowler,garrett-fowler,https://candor.co/recruiter/garrett-fowler,
Dan Fraguglia,Dan,Fraguglia,dan-fraguglia,https://candor.co/recruiter/dan-fraguglia,
Monica Franceschi,Monica,Franceschi,monica-franceschi,https://candor.co/recruiter/monica-franceschi,
Emily Franklin,Emily,Franklin,emily-franklin,https://candor.co/recruiter/emily-franklin,
Jordan Freitas,Jordan,Freitas,jordan-freitas,https://candor.co/recruiter/jordan-freitas,
Alexa Friedman,Alexa,Friedman,alexa-friedman,https://candor.co/recruiter/alexa-friedman,
Cara Fromherz,Cara,Fromherz,cara-fromherz,https://candor.co/recruiter/cara-fromherz,
Nicholas Fryer,Nicholas,Fryer,nicholas-fryer,https://candor.co/recruiter/nicholas-fryer,
Zoe Fuentes,Zoe,Fuentes,zoe-fuentes,https://candor.co/recruiter/zoe-fuentes,
Derek Fung,Derek,Fung,derek-fung,https://candor.co/recruiter/derek-fung,
Carina G.,Carina,G,carina-g,https://candor.co/recruiter/carina-g,
Christina Galarneau,Christina,Galarneau,christina-galarneau,https://candor.co/recruiter/christina-galarneau,
Michael Gallagher,Michael,Gallagher,michael-gallagher,https://candor.co/recruiter/michael-gallagher,
Monica Garcia,Monica,Garcia,monica-garcia,https://candor.co/recruiter/monica-garcia,
Stefanie Gardella,Stefanie,Gardella,stefanie-gardella,https://candor.co/recruiter/stefanie-gardella,
Gabrielle Gaubert,Gabrielle,Gaubert,gabrielle-gaubert,https://candor.co/recruiter/gabrielle-gaubert,
Sjoerd Gehring,Sjoerd,Gehring,sjoerd-gehring,https://candor.co/recruiter/sjoerd-gehring,
Amy Geisler,Amy,Geisler,amy-geisler,https://candor.co/recruiter/amy-geisler,
Paul Gerber,Paul,Gerber,paul-gerber,https://candor.co/recruiter/paul-gerber,
Amanda Ghidossi,Amanda,Ghidossi,amanda-ghidossi,https://candor.co/recruiter/amanda-ghidossi,
Amanda Gillespie,Amanda,Gillespie,amanda-gillespie,https://candor.co/recruiter/amanda-gillespie,
Javier Gonzalez,Javier,Gonzalez,javier-gonzalez,https://candor.co/recruiter/javier-gonzalez,
Sarah Goose,Sarah,Goose,sarah-goose,https://candor.co/recruiter/sarah-goose,
Ilan Graubart,Ilan,Graubart,ilan-graubart,https://candor.co/recruiter/ilan-graubart,
Jono Grayson,Jono,Grayson,jono-grayson,https://candor.co/recruiter/jono-grayson,
Zack Grimmer,Zack,Grimmer,zack-grimmer,https://candor.co/recruiter/zack-grimmer,
Linda Grossman,Linda,Grossman,linda-grossman,https://candor.co/recruiter/linda-grossman,
Everett Groves,Everett,Groves,everett-groves,https://candor.co/recruiter/everett-groves,
Vaidehi Guduguntla,Vaidehi,Guduguntla,vaidehi-guduguntla,https://candor.co/recruiter/vaidehi-guduguntla,
Heidi Haas,Heidi,Haas,heidi-haas,https://candor.co/recruiter/heidi-haas,
Heidi Haas,Heidi,Haas,heidi-haas,https://candor.co/recruiter/heidi-haas,
Lauren Hagen,Lauren,Hagen,lauren-hagen,https://candor.co/recruiter/lauren-hagen,
Saba Haile,Saba,Haile,saba-haile,https://candor.co/recruiter/saba-haile,
Lauren Haithcock,Lauren,Haithcock,lauren-haithcock,https://candor.co/recruiter/lauren-haithcock,
Kelly Hanna,Kelly,Hanna,kelly-hanna,https://candor.co/recruiter/kelly-hanna,
Mona Hannon,Mona,Hannon,mona-hannon,https://candor.co/recruiter/mona-hannon,
Brian Hansen,Brian,Hansen,brian-hansen,https://candor.co/recruiter/brian-hansen,
Danielle Harders,Danielle,Harders,danielle-harders,https://candor.co/recruiter/danielle-harders,
Tiny Harris,Tiny,Harris,tiny-harris,https://candor.co/recruiter/tiny-harris,
Christina Harris,Christina,Harris,christina-harris,https://candor.co/recruiter/christina-harris,
Chris Harris,Chris,Harris,chris-harris,https://candor.co/recruiter/chris-harris,
Brian Hauser,Brian,Hauser,brian-hauser,https://candor.co/recruiter/brian-hauser,
Dimitra Havriluk,Dimitra,Havriluk,dimitra-havriluk,https://candor.co/recruiter/dimitra-havriluk,
Chris Hawk,Chris,Hawk,chris-hawk,https://candor.co/recruiter/chris-hawk,
Andrew He,Andrew,He,andrew-he,https://candor.co/recruiter/andrew-he,
Michael Henderson,Michael,Henderson,michael-henderson,https://candor.co/recruiter/michael-henderson,
Jessica Hernandez,Jessica,Hernandez,jessica-hernandez,https://candor.co/recruiter/jessica-hernandez,
Scherell Hicks,Scherell,Hicks,scherell-hicks,https://candor.co/recruiter/scherell-hicks,
Nadeen Hijaz,Nadeen,Hijaz,nadeen-hijaz,https://candor.co/recruiter/nadeen-hijaz,
Kelsey Hills,Kelsey,Hills,kelsey-hills,https://candor.co/recruiter/kelsey-hills,
Nathan Hirsch,Nathan,Hirsch,nathan-hirsch,https://candor.co/recruiter/nathan-hirsch,
Emily Hirsch,Emily,Hirsch,emily-hirsch,https://candor.co/recruiter/emily-hirsch,
Rachel Hollis,Rachel,Hollis,rachel-hollis,https://candor.co/recruiter/rachel-hollis,
Shannon Honebrink,Shannon,Honebrink,shannon-honebrink,https://candor.co/recruiter/shannon-honebrink,
Joseph Howard,Joseph,Howard,joseph-howard,https://candor.co/recruiter/joseph-howard,
Ami Huggett,Ami,Huggett,ami-huggett,https://candor.co/recruiter/ami-huggett,
Danna Hughes,Danna,Hughes,danna-hughes,https://candor.co/recruiter/danna-hughes,
Chiel Hughes,Chiel,Hughes,chiel-hughes,https://candor.co/recruiter/chiel-hughes,
Julie Hyska,Julie,Hyska,julie-hyska,https://candor.co/recruiter/julie-hyska,
Adam Ichikawa,Adam,Ichikawa,adam-ichikawa,https://candor.co/recruiter/adam-ichikawa,
Sylvester Ikpa,Sylvester,Ikpa,sylvester-ikpa,https://candor.co/recruiter/sylvester-ikpa,
Soleil Ilagan,Soleil,Ilagan,soleil-ilagan,https://candor.co/recruiter/soleil-ilagan,
Ellie Jamison,Ellie,Jamison,ellie-jamison,https://candor.co/recruiter/ellie-jamison,
Jobelle Jangar,Jobelle,Jangar,jobelle-jangar,https://candor.co/recruiter/jobelle-jangar,
Kristen Jeffries,Kristen,Jeffries,kristen-jeffries,https://candor.co/recruiter/kristen-jeffries,
Chad Jens,Chad,Jens,chad-jens,https://candor.co/recruiter/chad-jens,
Alan Jew,Alan,Jew,alan-jew,https://candor.co/recruiter/alan-jew,
Jessica Jimenez-Pizarro,Jessica,JimenezPizarro,jessica-jimenezpizarro,https://candor.co/recruiter/jessica-jimenezpizarro,
Eleanor Johnson,Eleanor,Johnson,eleanor-johnson,https://candor.co/recruiter/eleanor-johnson,
Jack Johnson,Jack,Johnson,jack-johnson,https://candor.co/recruiter/jack-johnson,
Christine Johnson,Christine,Johnson,christine-johnson,https://candor.co/recruiter/christine-johnson,
Neal Johnston,Neal,Johnston,neal-johnston,https://candor.co/recruiter/neal-johnston,
Dean Joine,Dean,Joine,dean-joine,https://candor.co/recruiter/dean-joine,
Gabrielle Jolly,Gabrielle,Jolly,gabrielle-jolly,https://candor.co/recruiter/gabrielle-jolly,
Rick Jones,Rick,Jones,rick-jones,https://candor.co/recruiter/rick-jones,
Erica Kane,Erica,Kane,erica-kane,https://candor.co/recruiter/erica-kane,
William Kang,William,Kang,william-kang,https://candor.co/recruiter/william-kang,
Karin Katselis,Karin,Katselis,karin-katselis,https://candor.co/recruiter/karin-katselis,
Noele Kaykas,Noele,Kaykas,noele-kaykas,https://candor.co/recruiter/noele-kaykas,
Katie Kays,Katie,Kays,katie-kays,https://candor.co/recruiter/katie-kays,
Kathleen Kelejian,Kathleen,Kelejian,kathleen-kelejian,https://candor.co/recruiter/kathleen-kelejian,
Jason Kenfield,Jason,Kenfield,jason-kenfield,https://candor.co/recruiter/jason-kenfield,
Nabil Khatib,Nabil,Khatib,nabil-khatib,https://candor.co/recruiter/nabil-khatib,
Pierce Kilduff,Pierce,Kilduff,pierce-kilduff,https://candor.co/recruiter/pierce-kilduff,
Eric Kim,Eric,Kim,eric-kim,https://candor.co/recruiter/eric-kim,
Hannah Kjesbo,Hannah,Kjesbo,hannah-kjesbo,https://candor.co/recruiter/hannah-kjesbo,
Danielle Klebanov,Danielle,Klebanov,danielle-klebanov,https://candor.co/recruiter/danielle-klebanov,
Courtney Kleiman,Courtney,Kleiman,courtney-kleiman,https://candor.co/recruiter/courtney-kleiman,
Courtney Kleiman,Courtney,Kleiman,courtney-kleiman,https://candor.co/recruiter/courtney-kleiman,
Valerie Kloecker,Valerie,Kloecker,valerie-kloecker,https://candor.co/recruiter/valerie-kloecker,
Roger Knusten,Roger,Knusten,roger-knusten,https://candor.co/recruiter/roger-knusten,
Mitko Koburov,Mitko,Koburov,mitko-koburov,https://candor.co/recruiter/mitko-koburov,
Patricia Koenigs,Patricia,Koenigs,patricia-koenigs,https://candor.co/recruiter/patricia-koenigs,
Kelsie Korn,Kelsie,Korn,kelsie-korn,https://candor.co/recruiter/kelsie-korn,
Johanna Kupe,Johanna,Kupe,johanna-kupe,https://candor.co/recruiter/johanna-kupe,
Bella Kushnir,Bella,Kushnir,bella-kushnir,https://candor.co/recruiter/bella-kushnir,
Gabrielle Lail,Gabrielle,Lail,gabrielle-lail,https://candor.co/recruiter/gabrielle-lail,
Kate Lasater,Kate,Lasater,kate-lasater,https://candor.co/recruiter/kate-lasater,
Ronnie Lau,Ronnie,Lau,ronnie-lau,https://candor.co/recruiter/ronnie-lau,
Kip Lee,Kip,Lee,kip-lee,https://candor.co/recruiter/kip-lee,
Anita Lee,Anita,Lee,anita-lee,https://candor.co/recruiter/anita-lee,
Tiffany Lee,Tiffany,Lee,tiffany-lee,https://candor.co/recruiter/tiffany-lee,
Jamie Leonard,Jamie,Leonard,jamie-leonard,https://candor.co/recruiter/jamie-leonard,
Tommy Leung,Tommy,Leung,tommy-leung,https://candor.co/recruiter/tommy-leung,
Rebecca Levine,Rebecca,Levine,rebecca-levine,https://candor.co/recruiter/rebecca-levine,
Caroline Li,Caroline,Li,caroline-li,https://candor.co/recruiter/caroline-li,
Alex Libre,Alex,Libre,alex-libre,https://candor.co/recruiter/alex-libre,
Wayne Lindsay,Wayne,Lindsay,wayne-lindsay,https://candor.co/recruiter/wayne-lindsay,
Jason Liu,Jason,Liu,jason-liu,https://candor.co/recruiter/jason-liu,
Wendy Liu,Wendy,Liu,wendy-liu,https://candor.co/recruiter/wendy-liu,
Bryan Liu,Bryan,Liu,bryan-liu,https://candor.co/recruiter/bryan-liu,
Dandan Liu,Dandan,Liu,dandan-liu,https://candor.co/recruiter/dandan-liu,
Matt Londraville,Matt,Londraville,matt-londraville,https://candor.co/recruiter/matt-londraville,
Thomas Lopez,Thomas,Lopez,thomas-lopez,https://candor.co/recruiter/thomas-lopez,
Nicola Lore,Nicola,Lore,nicola-lore,https://candor.co/recruiter/nicola-lore,
Kelly Loughlin,Kelly,Loughlin,kelly-loughlin,https://candor.co/recruiter/kelly-loughlin,
Allison Lucas,Allison,Lucas,allison-lucas,https://candor.co/recruiter/allison-lucas,
Aaron M.,Aaron,M,aaron-m,https://candor.co/recruiter/aaron-m,
Lisa M.,Lisa,M,lisa-m,https://candor.co/recruiter/lisa-m,
Jenn M.,Jenn,M,jenn-m,https://candor.co/recruiter/jenn-m,
Jackie M.,Jackie,M,jackie-m,https://candor.co/recruiter/jackie-m,
Bridget Macvicar,Bridget,Macvicar,bridget-macvicar,https://candor.co/recruiter/bridget-macvicar,
Nina Magan,Nina,Magan,nina-magan,https://candor.co/recruiter/nina-magan,
Justin Mahmud,Justin,Mahmud,justin-mahmud,https://candor.co/recruiter/justin-mahmud,
Alessandra Manriquez-Cramer,Alessandra,ManriquezCramer,alessandra-manriquezcramer,https://candor.co/recruiter/alessandra-manriquezcramer,
Carla Marcos,Carla,Marcos,carla-marcos,https://candor.co/recruiter/carla-marcos,
Brooke Marston,Brooke,Marston,brooke-marston,https://candor.co/recruiter/brooke-marston,
Thomas Martel,Thomas,Martel,thomas-martel,https://candor.co/recruiter/thomas-martel,
Cathy Mastroianni,Cathy,Mastroianni,cathy-mastroianni,https://candor.co/recruiter/cathy-mastroianni,
Jasmin May,Jasmin,May,jasmin-may,https://candor.co/recruiter/jasmin-may,
Jeremiah Mayfield,Jeremiah,Mayfield,jeremiah-mayfield,https://candor.co/recruiter/jeremiah-mayfield,
Carrie Mcalonie,Carrie,Mcalonie,carrie-mcalonie,https://candor.co/recruiter/carrie-mcalonie,
Molly Mccormick,Molly,Mccormick,molly-mccormick,https://candor.co/recruiter/molly-mccormick,
Maureen Mcdonald,Maureen,Mcdonald,maureen-mcdonald,https://candor.co/recruiter/maureen-mcdonald,
Patrick Mcdonnell,Patrick,Mcdonnell,patrick-mcdonnell,https://candor.co/recruiter/patrick-mcdonnell,
Blake Mcdowall,Blake,Mcdowall,blake-mcdowall,https://candor.co/recruiter/blake-mcdowall,
Michael Mcgovern,Michael,Mcgovern,michael-mcgovern,https://candor.co/recruiter/michael-mcgovern,
Elizabeth Mcgrath,Elizabeth,Mcgrath,elizabeth-mcgrath,https://candor.co/recruiter/elizabeth-mcgrath,
Colin Mcguire,Colin,Mcguire,colin-mcguire,https://candor.co/recruiter/colin-mcguire,
Kate Mcgurk,Kate,Mcgurk,kate-mcgurk,https://candor.co/recruiter/kate-mcgurk,
Molly Merkin,Molly,Merkin,molly-merkin,https://candor.co/recruiter/molly-merkin,
Joanna Merrill,Joanna,Merrill,joanna-merrill,https://candor.co/recruiter/joanna-merrill,
Jamie Mesquite,Jamie,Mesquite,jamie-mesquite,https://candor.co/recruiter/jamie-mesquite,
Anna Meyer,Anna,Meyer,anna-meyer,https://candor.co/recruiter/anna-meyer,
Alla Mezhvinsky,Alla,Mezhvinsky,alla-mezhvinsky,https://candor.co/recruiter/alla-mezhvinsky,
Rhonda Michalec,Rhonda,Michalec,rhonda-michalec,https://candor.co/recruiter/rhonda-michalec,
Hanna Micks,Hanna,Micks,hanna-micks,https://candor.co/recruiter/hanna-micks,
Ashley Miller,Ashley,Miller,ashley-miller,https://candor.co/recruiter/ashley-miller,
Chris Miller,Chris,Miller,chris-miller,https://candor.co/recruiter/chris-miller,
Siobhan Miller,Siobhan,Miller,siobhan-miller,https://candor.co/recruiter/siobhan-miller,
Lindsay Miller,Lindsay,Miller,lindsay-miller,https://candor.co/recruiter/lindsay-miller,
Flo Monier,Flo,Monier,flo-monier,https://candor.co/recruiter/flo-monier,
Morgan Moreno,Morgan,Moreno,morgan-moreno,https://candor.co/recruiter/morgan-moreno,
Bobby Morgan,Bobby,Morgan,bobby-morgan,https://candor.co/recruiter/bobby-morgan,
Hunter Morse,Hunter,Morse,hunter-morse,https://candor.co/recruiter/hunter-morse,
Nicci Moscuzza,Nicci,Moscuzza,nicci-moscuzza,https://candor.co/recruiter/nicci-moscuzza,
Victoria Mullan,Victoria,Mullan,victoria-mullan,https://candor.co/recruiter/victoria-mullan,
Morgan Murphy,Morgan,Murphy,morgan-murphy,https://candor.co/recruiter/morgan-murphy,
Liz Naegele,Liz,Naegele,liz-naegele,https://candor.co/recruiter/liz-naegele,
Erin Nakahara,Erin,Nakahara,erin-nakahara,https://candor.co/recruiter/erin-nakahara,
Alain Nakamura,Alain,Nakamura,alain-nakamura,https://candor.co/recruiter/alain-nakamura,
John Newkirk,John,Newkirk,john-newkirk,https://candor.co/recruiter/john-newkirk,
Kayla Nguyen,Kayla,Nguyen,kayla-nguyen,https://candor.co/recruiter/kayla-nguyen,
Michelle Nguyen,Michelle,Nguyen,michelle-nguyen,https://candor.co/recruiter/michelle-nguyen,
Michael Nguyen,Michael,Nguyen,michael-nguyen,https://candor.co/recruiter/michael-nguyen,
Jonathan Nickle,Jonathan,Nickle,jonathan-nickle,https://candor.co/recruiter/jonathan-nickle,
Helena Nyhart,Helena,Nyhart,helena-nyhart,https://candor.co/recruiter/helena-nyhart,
Stefan O.,Stefan,O,stefan-o,https://candor.co/recruiter/stefan-o,
Jennifer Obin,Jennifer,Obin,jennifer-obin,https://candor.co/recruiter/jennifer-obin,
James Obrien,James,Obrien,james-obrien,https://candor.co/recruiter/james-obrien,
Kirk Okenquist,Kirk,Okenquist,kirk-okenquist,https://candor.co/recruiter/kirk-okenquist,
Brittany Oliver,Brittany,Oliver,brittany-oliver,https://candor.co/recruiter/brittany-oliver,
Declan Omahony,Declan,Omahony,declan-omahony,https://candor.co/recruiter/declan-omahony,
Robert Orr,Robert,Orr,robert-orr,https://candor.co/recruiter/robert-orr,
Colleen Otoole,Colleen,Otoole,colleen-otoole,https://candor.co/recruiter/colleen-otoole,
Lerrie Paras,Lerrie,Paras,lerrie-paras,https://candor.co/recruiter/lerrie-paras,
Jina Park,Jina,Park,jina-park,https://candor.co/recruiter/jina-park,
Esther Park,Esther,Park,esther-park,https://candor.co/recruiter/esther-park,
Aj Parr,Aj,Parr,aj-parr,https://candor.co/recruiter/aj-parr,
Enzo Pavia,Enzo,Pavia,enzo-pavia,https://candor.co/recruiter/enzo-pavia,
Sarah Peck,Sarah,Peck,sarah-peck,https://candor.co/recruiter/sarah-peck,
Carolina Perez,Carolina,Perez,carolina-perez,https://candor.co/recruiter/carolina-perez,
Zack Piánko,Zack,Piánko,zack-piánko,https://candor.co/recruiter/zack-pinko,
Drew Plack,Drew,Plack,drew-plack,https://candor.co/recruiter/drew-plack,
Tobias Prc,Tobias,Prc,tobias-prc,https://candor.co/recruiter/tobias-prc,
Erin Press,Erin,Press,erin-press,https://candor.co/recruiter/erin-press,
Tony Prophet,Tony,Prophet,tony-prophet,https://candor.co/recruiter/tony-prophet,
Mary Pruette,Mary,Pruette,mary-pruette,https://candor.co/recruiter/mary-pruette,
Peter Puga,Peter,Puga,peter-puga,https://candor.co/recruiter/peter-puga,
Jorge Quila,Jorge,Quila,jorge-quila,https://candor.co/recruiter/jorge-quila,
David Rabil,David,Rabil,david-rabil,https://candor.co/recruiter/david-rabil,
Jackson Raders,Jackson,Raders,jackson-raders,https://candor.co/recruiter/jackson-raders,
Callie Rainsford,Callie,Rainsford,callie-rainsford,https://candor.co/recruiter/callie-rainsford,
Emily Ransford,Emily,Ransford,emily-ransford,https://candor.co/recruiter/emily-ransford,
Ursula Reichle,Ursula,Reichle,ursula-reichle,https://candor.co/recruiter/ursula-reichle,
Megan Richter,Megan,Richter,megan-richter,https://candor.co/recruiter/megan-richter,
Angela Ritter,Angela,Ritter,angela-ritter,https://candor.co/recruiter/angela-ritter,
Logan Rizavi,Logan,Rizavi,logan-rizavi,https://candor.co/recruiter/logan-rizavi,
Yanira Rodriguez,Yanira,Rodriguez,yanira-rodriguez,https://candor.co/recruiter/yanira-rodriguez,
Bailey Rogers,Bailey,Rogers,bailey-rogers,https://candor.co/recruiter/bailey-rogers,
Shelby Romuk,Shelby,Romuk,shelby-romuk,https://candor.co/recruiter/shelby-romuk,
Shelby Romuk,Shelby,Romuk,shelby-romuk,https://candor.co/recruiter/shelby-romuk,
Jess Rossman,Jess,Rossman,jess-rossman,https://candor.co/recruiter/jess-rossman,
Aaron Rothman,Aaron,Rothman,aaron-rothman,https://candor.co/recruiter/aaron-rothman,
Katy Rudow☁,Katy,Rudow,katy-rudow,https://candor.co/recruiter/katy-rudow,
Kathryn Russell,Kathryn,Russell,kathryn-russell,https://candor.co/recruiter/kathryn-russell,
Amal S.,Amal,S,amal-s,https://candor.co/recruiter/amal-s,
Monica S.,Monica,S,monica-s,https://candor.co/recruiter/monica-s,
Lai Saelee,Lai,Saelee,lai-saelee,https://candor.co/recruiter/lai-saelee,
Noreen Safdar,Noreen,Safdar,noreen-safdar,https://candor.co/recruiter/noreen-safdar,
Erin Sancimino,Erin,Sancimino,erin-sancimino,https://candor.co/recruiter/erin-sancimino,
William Santos,William,Santos,william-santos,https://candor.co/recruiter/william-santos,
Ryan Sapper,Ryan,Sapper,ryan-sapper,https://candor.co/recruiter/ryan-sapper,
Fernanda Scheibner,Fernanda,Scheibner,fernanda-scheibner,https://candor.co/recruiter/fernanda-scheibner,
Lauren Schofield,Lauren,Schofield,lauren-schofield,https://candor.co/recruiter/lauren-schofield,
Sophie Schrager,Sophie,Schrager,sophie-schrager,https://candor.co/recruiter/sophie-schrager,
Caitlin Seidman,Caitlin,Seidman,caitlin-seidman,https://candor.co/recruiter/caitlin-seidman,
Anthony Sessions,Anthony,Sessions,anthony-sessions,https://candor.co/recruiter/anthony-sessions,
Lucia Shen,Lucia,Shen,lucia-shen,https://candor.co/recruiter/lucia-shen,
Larry Sigcho,Larry,Sigcho,larry-sigcho,https://candor.co/recruiter/larry-sigcho,
Graem Smith,Graem,Smith,graem-smith,https://candor.co/recruiter/graem-smith,
Marissa Sodders,Marissa,Sodders,marissa-sodders,https://candor.co/recruiter/marissa-sodders,
Blair Solano,Blair,Solano,blair-solano,https://candor.co/recruiter/blair-solano,
Diana Spasenkova,Diana,Spasenkova,diana-spasenkova,https://candor.co/recruiter/diana-spasenkova,
Jacob Springmeyer,Jacob,Springmeyer,jacob-springmeyer,https://candor.co/recruiter/jacob-springmeyer,
Jordan Sterling,Jordan,Sterling,jordan-sterling,https://candor.co/recruiter/jordan-sterling,
Lindsey Stewart,Lindsey,Stewart,lindsey-stewart,https://candor.co/recruiter/lindsey-stewart,
Blake Stockman,Blake,Stockman,blake-stockman,https://candor.co/recruiter/blake-stockman,
Penny Stone,Penny,Stone,penny-stone,https://candor.co/recruiter/penny-stone,
Tracey Sullivan,Tracey,Sullivan,tracey-sullivan,https://candor.co/recruiter/tracey-sullivan,
Timur Sumer,Timur,Sumer,timur-sumer,https://candor.co/recruiter/timur-sumer,
Kelly Sung,Kelly,Sung,kelly-sung,https://candor.co/recruiter/kelly-sung,
Kailey Super,Kailey,Super,kailey-super,https://candor.co/recruiter/kailey-super,
Tara Sweatt,Tara,Sweatt,tara-sweatt,https://candor.co/recruiter/tara-sweatt,
Erin Symons,Erin,Symons,erin-symons,https://candor.co/recruiter/erin-symons,
Katie Tarango,Katie,Tarango,katie-tarango,https://candor.co/recruiter/katie-tarango,
Anya Tatarenko,Anya,Tatarenko,anya-tatarenko,https://candor.co/recruiter/anya-tatarenko,
Hannah Taylor,Hannah,Taylor,hannah-taylor,https://candor.co/recruiter/hannah-taylor,
Katie Tenboer,Katie,Tenboer,katie-tenboer,https://candor.co/recruiter/katie-tenboer,
Ani Teroganesyan,Ani,Teroganesyan,ani-teroganesyan,https://candor.co/recruiter/ani-teroganesyan,
Colleen They-Them,Colleen,TheyThem,colleen-theythem,https://candor.co/recruiter/colleen-theythem,
Quinn Thomas,Quinn,Thomas,quinn-thomas,https://candor.co/recruiter/quinn-thomas,
Taylor Thomas,Taylor,Thomas,taylor-thomas,https://candor.co/recruiter/taylor-thomas,
Kim Thompson,Kim,Thompson,kim-thompson,https://candor.co/recruiter/kim-thompson,
Taylor Thompson,Taylor,Thompson,taylor-thompson,https://candor.co/recruiter/taylor-thompson,
Hannah Thompson,Hannah,Thompson,hannah-thompson,https://candor.co/recruiter/hannah-thompson,
Camila Thomsen,Camila,Thomsen,camila-thomsen,https://candor.co/recruiter/camila-thomsen,
Kelly Thwaits,Kelly,Thwaits,kelly-thwaits,https://candor.co/recruiter/kelly-thwaits,
Stephanie Tilleskjor,Stephanie,Tilleskjor,stephanie-tilleskjor,https://candor.co/recruiter/stephanie-tilleskjor,
Michelle Tokunaga,Michelle,Tokunaga,michelle-tokunaga,https://candor.co/recruiter/michelle-tokunaga,
Jennifer Tomooka,Jennifer,Tomooka,jennifer-tomooka,https://candor.co/recruiter/jennifer-tomooka,
Jessica Topp,Jessica,Topp,jessica-topp,https://candor.co/recruiter/jessica-topp,
Selin Toprak,Selin,Toprak,selin-toprak,https://candor.co/recruiter/selin-toprak,
Inna Totten,Inna,Totten,inna-totten,https://candor.co/recruiter/inna-totten,
Dan Tran,Dan,Tran,dan-tran,https://candor.co/recruiter/dan-tran,
Andrew Treppa,Andrew,Treppa,andrew-treppa,https://candor.co/recruiter/andrew-treppa,
Mariajose Troconis,Mariajose,Troconis,mariajose-troconis,https://candor.co/recruiter/mariajose-troconis,
Sara Truesdale,Sara,Truesdale,sara-truesdale,https://candor.co/recruiter/sara-truesdale,
Elizabeth Trujillo,Elizabeth,Trujillo,elizabeth-trujillo,https://candor.co/recruiter/elizabeth-trujillo,
Mona Tseng,Mona,Tseng,mona-tseng,https://candor.co/recruiter/mona-tseng,
Nikki Tucek,Nikki,Tucek,nikki-tucek,https://candor.co/recruiter/nikki-tucek,
Ashlyn Turner,Ashlyn,Turner,ashlyn-turner,https://candor.co/recruiter/ashlyn-turner,
George Vagues,George,Vagues,george-vagues,https://candor.co/recruiter/george-vagues,
Danny Vang,Danny,Vang,danny-vang,https://candor.co/recruiter/danny-vang,
Natalie Vazquez,Natalie,Vazquez,natalie-vazquez,https://candor.co/recruiter/natalie-vazquez,
Alex Villafuerte,Alex,Villafuerte,alex-villafuerte,https://candor.co/recruiter/alex-villafuerte,
Ivan Vukovic,Ivan,Vukovic,ivan-vukovic,https://candor.co/recruiter/ivan-vukovic,
Lucy W.,Lucy,W,lucy-w,https://candor.co/recruiter/lucy-w,
Polly W.,Polly,W,polly-w,https://candor.co/recruiter/polly-w,
Krystle W.,Krystle,W,krystle-w,https://candor.co/recruiter/krystle-w,
Jennifer Wakefield,Jennifer,Wakefield,jennifer-wakefield,https://candor.co/recruiter/jennifer-wakefield,
Ian Waldron,Ian,Waldron,ian-waldron,https://candor.co/recruiter/ian-waldron,
Avery Walker,Avery,Walker,avery-walker,https://candor.co/recruiter/avery-walker,
Adele Wallrich,Adele,Wallrich,adele-wallrich,https://candor.co/recruiter/adele-wallrich,
Angie Wang,Angie,Wang,angie-wang,https://candor.co/recruiter/angie-wang,
Jennifer White,Jennifer,White,jennifer-white,https://candor.co/recruiter/jennifer-white,
Emily Wiser,Emily,Wiser,emily-wiser,https://candor.co/recruiter/emily-wiser,
Eileen Wu,Eileen,Wu,eileen-wu,https://candor.co/recruiter/eileen-wu,
Rachel Xiao,Rachel,Xiao,rachel-xiao,https://candor.co/recruiter/rachel-xiao,
Andy Yankulov,Andy,Yankulov,andy-yankulov,https://candor.co/recruiter/andy-yankulov,
Lisa Yassa,Lisa,Yassa,lisa-yassa,https://candor.co/recruiter/lisa-yassa,
Emil Yeargin,Emil,Yeargin,emil-yeargin,https://candor.co/recruiter/emil-yeargin,
Laurie Young,Laurie,Young,laurie-young,https://candor.co/recruiter/laurie-young,
Christie Zavlaris,Christie,Zavlaris,christie-zavlaris,https://candor.co/recruiter/christie-zavlaris,
Kristin Zervas,Kristin,Zervas,kristin-zervas,https://candor.co/recruiter/kristin-zervas,
Angel Zhao,Angel,Zhao,angel-zhao,https://candor.co/recruiter/angel-zhao,
Vivian Zhou,Vivian,Zhou,vivian-zhou,https://candor.co/recruiter/vivian-zhou,
